{
  "song": {
    "isMoody": false,
    "player1": "bsidebf",
    "notes": [
      {
        "sectionNotes": [
          [0, 1, 0],
          [241, 1, 0],
          [483, 2, 0],
          [846, 0, 0],
          [1088, 2, 0],
          [1693, 0, 0],
          [1814, 3, 0],
          [1209.67741935484, 1, 0],
          [725.806451612903, 5, 0],
          [846.774193548387, 6, 0],
          [967.741935483871, 5, 0],
          [1209.67741935484, 7, 0],
          [1330.64516129032, 5, 0],
          [1451.61290322581, 4, 0],
          [1451.61290322581, 3, 0],
          [1693.54838709677, 4, 0],
          [1814.51612903226, 7, 0]
        ],
        "lengthInSteps": 16,
        "mustHitSection": false
      },
      {
        "sectionNotes": [
          [3145.16129032258, 4, 0],
          [3266.12903225806, 6, 0],
          [2177.41935483871, 6, 0],
          [2298.38709677419, 4, 0],
          [2540.32258064516, 6, 0],
          [2661.29032258065, 6, 0],
          [2782.25806451613, 6, 0],
          [3629.03225806452, 6, 120.967741935484],
          [1935.48387096774, 2, 0],
          [2177.41935483871, 2, 0],
          [2419.35483870968, 1, 0],
          [2782.25806451613, 3, 0],
          [3024.1935483871, 1, 0],
          [3145.16129032258, 2, 0],
          [3387.09677419355, 0, 0],
          [3629.03225806452, 2, 0],
          [3387.09677419355, 7, 0]
        ],
        "lengthInSteps": 16,
        "mustHitSection": true
      },
      {
        "sectionNotes": [
          [3870.96774193548, 1, 0],
          [4111.96774193548, 1, 0],
          [4353.96774193548, 2, 0],
          [4716.96774193548, 0, 0],
          [4958.96774193548, 2, 0],
          [5563.96774193548, 0, 0],
          [5684.96774193548, 3, 0],
          [5080.64516129032, 1, 0],
          [4112.90322580645, 5, 0],
          [4233.87096774194, 6, 0],
          [4596.77419354839, 5, 0],
          [4717.74193548387, 6, 0],
          [4838.70967741936, 5, 0],
          [5080.64516129032, 7, 0],
          [5201.61290322581, 5, 0],
          [5322.58064516129, 4, 0],
          [5322.58064516129, 3, 0],
          [5564.51612903226, 4, 0],
          [5685.48387096774, 7, 0]
        ],
        "lengthInSteps": 16,
        "mustHitSection": false
      },
      {
        "sectionNotes": [
          [7016.12903225806, 4, 0],
          [7137.09677419355, 6, 0],
          [6048.38709677419, 6, 0],
          [6169.35483870968, 4, 0],
          [6411.29032258065, 6, 0],
          [6532.25806451613, 6, 0],
          [7500, 6, 120.967741935484],
          [6774.1935483871, 5, 0],
          [5806.45161290323, 2, 0],
          [6048.38709677419, 2, 0],
          [6290.32258064516, 1, 0],
          [6653.22580645161, 3, 0],
          [6895.16129032258, 1, 0],
          [7016.12903225806, 2, 0],
          [7258.06451612903, 0, 0],
          [7258.06451612903, 7, 0],
          [7500, 2, 120.967741935484]
        ],
        "lengthInSteps": 16,
        "mustHitSection": true
      },
      {
        "sectionNotes": [
          [7741.93548387097, 2, 0],
          [7983.87096774194, 3, 0],
          [8467.74193548387, 1, 0],
          [8709.67741935484, 2, 0],
          [8951.61290322581, 3, 0],
          [9435.48387096774, 1, 0]
        ],
        "lengthInSteps": 16,
        "mustHitSection": false
      },
      {
        "sectionNotes": [
          [9919.35483870968, 1, 0],
          [10161.2903225806, 2, 0],
          [10403.2258064516, 3, 0],
          [10645.1612903226, 2, 0],
          [10887.0967741935, 1, 0],
          [11129.0322580645, 5, 0],
          [11370.9677419355, 6, 0]
        ],
        "lengthInSteps": 16,
        "mustHitSection": false
      },
      {
        "sectionNotes": [
          [11612.9032258065, 1, 0],
          [11854.8387096774, 0, 0],
          [12338.7096774194, 2, 0],
          [12580.6451612903, 1, 0],
          [12822.5806451613, 0, 0],
          [13306.4516129032, 2, 0]
        ],
        "lengthInSteps": 16,
        "mustHitSection": true
      },
      {
        "sectionNotes": [
          [15000, 6, 0],
          [15241.935483871, 5, 0],
          [13790.3225806452, 2, 0],
          [14032.2580645161, 1, 0],
          [14274.1935483871, 0, 0],
          [14516.1290322581, 1, 0],
          [14758.064516129, 2, 0]
        ],
        "lengthInSteps": 16,
        "mustHitSection": true
      },
      {
        "sectionNotes": [
          [15483.8709677419, 2, 0],
          [15725.8064516129, 3, 0],
          [16209.6774193548, 1, 0],
          [16451.6129032258, 2, 0],
          [16693.5483870968, 3, 0],
          [17177.4193548387, 1, 0]
        ],
        "lengthInSteps": 16,
        "mustHitSection": false
      },
      {
        "sectionNotes": [
          [17661.2903225806, 1, 0],
          [17903.2258064516, 2, 0],
          [18145.1612903226, 3, 0],
          [18387.0967741935, 0, 0],
          [18870.9677419355, 2, 0]
        ],
        "lengthInSteps": 16,
        "mustHitSection": false
      },
      {
        "sectionNotes": [
          [19354.8387096774, 1, 0],
          [19596.7741935484, 0, 0],
          [20080.6451612903, 2, 0],
          [20322.5806451613, 1, 0],
          [20564.5161290323, 0, 0],
          [21048.3870967742, 2, 0]
        ],
        "lengthInSteps": 16,
        "mustHitSection": true
      },
      {
        "sectionNotes": [
          [21532.2580645161, 2, 0],
          [21774.1935483871, 1, 0],
          [22016.1290322581, 0, 0],
          [22741.935483871, 1, 0],
          [22258.064516129, 3, 0]
        ],
        "lengthInSteps": 16,
        "mustHitSection": true
      },
      {
        "sectionNotes": [
          [23225.8064516129, 2, 0],
          [23467.7419354839, 3, 0],
          [23951.6129032258, 1, 0],
          [24193.5483870968, 2, 0],
          [24435.4838709677, 3, 0],
          [24919.3548387097, 1, 0]
        ],
        "lengthInSteps": 16,
        "mustHitSection": false
      },
      {
        "sectionNotes": [
          [25403.2258064516, 1, 0],
          [25645.1612903226, 2, 0],
          [25887.0967741935, 3, 0],
          [26129.0322580645, 2, 0],
          [26370.9677419355, 1, 0],
          [26612.9032258065, 5, 0],
          [26854.8387096774, 6, 0]
        ],
        "lengthInSteps": 16,
        "mustHitSection": false
      },
      {
        "sectionNotes": [
          [27096.7741935484, 1, 0],
          [27338.7096774194, 0, 0],
          [27822.5806451613, 2, 0],
          [28064.5161290323, 1, 0],
          [28306.4516129032, 0, 0],
          [28790.3225806452, 2, 0]
        ],
        "lengthInSteps": 16,
        "mustHitSection": true
      },
      {
        "sectionNotes": [
          [30483.8709677419, 6, 0],
          [30725.8064516129, 5, 0],
          [29274.1935483871, 2, 0],
          [29516.1290322581, 1, 0],
          [29758.064516129, 0, 0],
          [30000, 1, 0],
          [30241.935483871, 2, 0]
        ],
        "lengthInSteps": 16,
        "mustHitSection": true
      },
      {
        "sectionNotes": [
          [30967.7419354839, 2, 0],
          [31209.6774193548, 3, 0],
          [31693.5483870968, 1, 0],
          [31935.4838709677, 2, 0],
          [32177.4193548387, 3, 0],
          [32661.2903225807, 1, 0]
        ],
        "lengthInSteps": 16,
        "mustHitSection": false
      },
      {
        "sectionNotes": [
          [33145.1612903226, 1, 0],
          [33387.0967741935, 2, 0],
          [33629.0322580645, 3, 0],
          [33870.9677419355, 0, 0],
          [34354.8387096774, 2, 0]
        ],
        "lengthInSteps": 16,
        "mustHitSection": false
      },
      {
        "sectionNotes": [
          [34838.7096774194, 1, 0],
          [35080.6451612903, 0, 0],
          [35564.5161290323, 2, 0],
          [35806.4516129032, 1, 0],
          [36048.3870967742, 0, 0],
          [36532.2580645161, 2, 0]
        ],
        "lengthInSteps": 16,